"marker_id","functional","random_anno"
"m1",0,0
"m2",0,0
"m3",0,0
"m4",0,0
"m5",0,0
"m6",0,0
"m7",0,0
"m8",0,0
"m9",0,0
"m10",0,0
"m11",0,0
"m12",0,0
"m13",0,0
"m14",0,0
"m15",0,0
"m16",0,0
"m17",0,0
"m18",0,0
"m19",0,0
"m20",0,0
"m21",0,0
"m22",0,0
"m23",0,0
"m24",0,0
"m25",0,0
"m26",0,0
"m27",0,0
"m28",0,0
"m29",0,0
"m30",0,0
"m31",0,0
"m32",0,0
"m33",0,0
"m34",0,0
"m35",0,0
"m36",0,0
"m37",0,0
"m38",0,0
"m39",0,0
"m40",0,0
"m41",0,0
"m42",0,0
"m43",0,0
"m44",0,0
"m45",0,0
"m46",0,0
"m47",0,0
"m48",0,0
"m49",0,0
"m50",0,0
"m51",0,0
"m52",0,0
"m53",0,0
"m54",0,0
"m55",0,1
"m56",0,0
"m57",0,0
"m58",0,0
"m59",0,0
"m60",0,0
"m61",0,0
"m62",0,0
"m63",0,0
"m64",0,0
"m65",0,0
"m66",0,0
"m67",0,0
"m68",0,0
"m69",0,0
"m70",0,0
"m71",0,0
"m72",0,0
"m73",0,0
"m74",0,0
"m75",0,0
"m76",0,0
"m77",0,0
"m78",0,0
"m79",0,0
"m80",0,0
"m81",0,0
"m82",0,0
"m83",0,0
"m84",0,0
"m85",0,0
"m86",0,0
"m87",0,0
"m88",0,0
"m89",0,0
"m90",0,0
"m91",0,0
"m92",0,0
"m93",0,0
"m94",0,0
"m95",0,0
"m96",0,0
"m97",0,0
"m98",0,0
"m99",0,0
"m100",0,0
"m101",0,0
"m102",0,0
"m103",0,0
"m104",0,0
"m105",0,0
"m106",0,0
"m107",0,0
"m108",0,0
"m109",0,0
"m110",0,0
"m111",0,0
"m112",0,0
"m113",0,0
"m114",0,0
"m115",0,0
"m116",0,0
"m117",0,0
"m118",1,0
"m119",0,0
"m120",0,0
"m121",0,0
"m122",0,0
"m123",0,0
"m124",0,0
"m125",0,0
"m126",0,0
"m127",0,0
"m128",0,0
"m129",0,0
"m130",0,0
"m131",0,0
"m132",0,0
"m133",0,0
"m134",0,0
"m135",0,0
"m136",0,0
"m137",0,0
"m138",0,0
"m139",0,0
"m140",0,0
"m141",0,0
"m142",0,0
"m143",0,0
"m144",0,0
"m145",0,0
"m146",0,0
"m147",0,0
"m148",0,0
"m149",0,0
"m150",0,0
"m151",0,0
"m152",0,0
"m153",0,0
"m154",0,0
"m155",0,0
"m156",0,0
"m157",0,0
"m158",0,0
"m159",0,0
"m160",0,0
"m161",0,0
"m162",0,0
"m163",0,0
"m164",0,0
"m165",0,0
"m166",0,0
"m167",0,0
"m168",0,0
"m169",0,0
"m170",0,0
"m171",0,0
"m172",0,0
"m173",0,0
"m174",0,0
"m175",0,0
"m176",0,0
"m177",0,0
"m178",0,0
"m179",1,0
"m180",0,0
"m181",0,0
"m182",0,0
"m183",0,0
"m184",0,0
"m185",0,0
"m186",0,0
"m187",0,0
"m188",0,0
"m189",0,0
"m190",0,0
"m191",0,0
"m192",0,0
"m193",0,0
"m194",0,0
"m195",1,0
"m196",0,0
"m197",0,0
"m198",0,0
"m199",0,0
"m200",0,0
"m201",0,0
"m202",0,0
"m203",0,0
"m204",0,0
"m205",0,0
"m206",0,0
"m207",0,0
"m208",0,0
"m209",0,0
"m210",0,0
"m211",0,0
"m212",0,0
"m213",0,0
"m214",0,0
"m215",0,0
"m216",0,0
"m217",0,0
"m218",0,0
"m219",0,0
"m220",0,0
"m221",0,0
"m222",0,0
"m223",0,0
"m224",0,0
"m225",0,0
"m226",0,0
"m227",0,0
"m228",0,0
"m229",1,0
"m230",0,0
"m231",0,0
"m232",0,0
"m233",0,0
"m234",0,0
"m235",0,0
"m236",0,0
"m237",0,0
"m238",0,0
"m239",0,0
"m240",0,0
"m241",0,0
"m242",0,0
"m243",0,0
"m244",0,0
"m245",0,0
"m246",0,0
"m247",0,0
"m248",0,0
"m249",0,0
"m250",0,0
"m251",0,1
"m252",0,0
"m253",0,0
"m254",0,0
"m255",0,0
"m256",0,0
"m257",0,0
"m258",0,0
"m259",0,0
"m260",0,0
"m261",0,0
"m262",0,0
"m263",0,0
"m264",0,0
"m265",0,0
"m266",0,0
"m267",0,0
"m268",0,0
"m269",0,0
"m270",0,0
"m271",0,0
"m272",0,0
"m273",0,0
"m274",0,0
"m275",0,0
"m276",0,0
"m277",0,0
"m278",0,0
"m279",0,0
"m280",0,0
"m281",0,0
"m282",0,0
"m283",0,0
"m284",0,0
"m285",0,0
"m286",0,0
"m287",0,0
"m288",0,0
"m289",0,0
"m290",0,0
"m291",0,0
"m292",0,0
"m293",0,0
"m294",0,0
"m295",0,0
"m296",0,0
"m297",0,0
"m298",0,0
"m299",1,0
"m300",0,0
"m301",0,0
"m302",0,0
"m303",0,0
"m304",0,0
"m305",0,0
"m306",0,0
"m307",0,0
"m308",0,0
"m309",0,0
"m310",0,0
"m311",0,0
"m312",0,0
"m313",0,0
"m314",0,0
"m315",0,0
"m316",0,0
"m317",0,0
"m318",0,0
"m319",0,0
"m320",0,0
"m321",0,0
"m322",0,0
"m323",0,0
"m324",0,0
"m325",0,0
"m326",0,0
"m327",0,0
"m328",0,0
"m329",0,0
"m330",0,0
"m331",0,0
"m332",0,0
"m333",0,0
"m334",0,1
"m335",0,0
"m336",0,0
"m337",0,0
"m338",0,0
"m339",0,0
"m340",0,0
"m341",0,0
"m342",0,0
"m343",0,0
"m344",0,1
"m345",0,0
"m346",0,0
"m347",0,0
"m348",0,0
"m349",0,0
"m350",0,0
"m351",0,0
"m352",0,0
"m353",0,0
"m354",0,0
"m355",0,0
"m356",0,0
"m357",0,0
"m358",0,0
"m359",0,0
"m360",0,0
"m361",0,0
"m362",0,0
"m363",0,0
"m364",0,0
"m365",0,0
"m366",0,0
"m367",0,0
"m368",0,0
"m369",0,0
"m370",0,0
"m371",0,0
"m372",0,0
"m373",0,0
"m374",0,0
"m375",0,1
"m376",0,0
"m377",0,0
"m378",0,0
"m379",0,0
"m380",0,0
"m381",0,0
"m382",0,0
"m383",0,0
"m384",0,0
"m385",0,0
"m386",0,0
"m387",0,0
"m388",0,0
"m389",0,0
"m390",0,0
"m391",0,0
"m392",0,0
"m393",0,0
"m394",0,0
"m395",0,0
"m396",0,0
"m397",0,0
"m398",0,0
"m399",0,0
"m400",0,0
"m401",0,0
"m402",0,0
"m403",0,0
"m404",0,0
"m405",0,0
"m406",0,0
"m407",0,0
"m408",0,0
"m409",0,0
"m410",0,0
"m411",0,0
"m412",0,0
"m413",0,0
"m414",0,0
"m415",1,0
"m416",0,0
"m417",0,0
"m418",0,0
"m419",0,0
"m420",0,0
"m421",0,0
"m422",0,0
"m423",0,0
"m424",0,0
"m425",0,0
"m426",0,0
"m427",0,0
"m428",0,0
"m429",0,0
"m430",0,0
"m431",0,0
"m432",0,0
"m433",0,0
"m434",0,0
"m435",0,0
"m436",0,0
"m437",0,0
"m438",0,0
"m439",0,0
"m440",0,0
"m441",0,0
"m442",0,0
"m443",0,0
"m444",0,0
"m445",0,0
"m446",0,0
"m447",0,0
"m448",0,0
"m449",0,0
"m450",0,0
"m451",0,0
"m452",0,0
"m453",0,0
"m454",0,0
"m455",0,0
"m456",0,0
"m457",0,0
"m458",0,0
"m459",0,0
"m460",0,0
"m461",0,0
"m462",0,0
"m463",1,0
"m464",0,0
"m465",0,0
"m466",0,0
"m467",0,0
"m468",0,0
"m469",0,0
"m470",0,0
"m471",0,0
"m472",0,0
"m473",0,0
"m474",0,0
"m475",0,0
"m476",0,0
"m477",0,0
"m478",0,0
"m479",0,0
"m480",0,0
"m481",0,0
"m482",0,0
"m483",0,0
"m484",0,0
"m485",0,0
"m486",0,0
"m487",0,0
"m488",0,0
"m489",0,0
"m490",0,0
"m491",0,0
"m492",0,0
"m493",0,0
"m494",0,0
"m495",0,0
"m496",0,0
"m497",0,0
"m498",0,0
"m499",0,0
"m500",0,0
"m501",0,0
"m502",0,0
"m503",0,0
"m504",0,0
"m505",0,0
"m506",0,0
"m507",0,0
"m508",0,0
"m509",0,0
"m510",0,0
"m511",0,0
"m512",0,0
"m513",0,0
"m514",0,0
"m515",0,0
"m516",0,0
"m517",0,0
"m518",0,0
"m519",0,0
"m520",0,0
"m521",0,0
"m522",0,0
"m523",0,0
"m524",0,0
"m525",0,0
"m526",1,0
"m527",0,0
"m528",0,0
"m529",0,0
"m530",0,0
"m531",0,0
"m532",0,0
"m533",0,0
"m534",0,0
"m535",0,0
"m536",0,0
"m537",0,0
"m538",0,1
"m539",0,0
"m540",0,0
"m541",0,0
"m542",0,0
"m543",0,0
"m544",0,0
"m545",0,0
"m546",0,0
"m547",0,0
"m548",0,0
"m549",0,0
"m550",0,0
"m551",0,0
"m552",0,0
"m553",0,0
"m554",0,0
"m555",0,0
"m556",0,0
"m557",0,0
"m558",0,0
"m559",0,0
"m560",0,0
"m561",0,0
"m562",0,0
"m563",0,0
"m564",0,0
"m565",0,0
"m566",0,0
"m567",0,0
"m568",0,0
"m569",0,0
"m570",0,0
"m571",0,0
"m572",0,0
"m573",0,1
"m574",0,0
"m575",0,0
"m576",0,0
"m577",0,0
"m578",0,0
"m579",0,0
"m580",0,0
"m581",0,0
"m582",0,0
"m583",0,0
"m584",0,0
"m585",0,0
"m586",0,0
"m587",0,0
"m588",0,0
"m589",0,0
"m590",0,0
"m591",0,0
"m592",0,0
"m593",0,0
"m594",0,0
"m595",0,0
"m596",0,0
"m597",0,0
"m598",0,0
"m599",0,0
"m600",0,0
"m601",0,0
"m602",0,0
"m603",0,0
"m604",0,0
"m605",0,0
"m606",0,0
"m607",0,0
"m608",0,0
"m609",0,0
"m610",0,0
"m611",0,0
"m612",0,0
"m613",0,0
"m614",0,0
"m615",0,0
"m616",0,0
"m617",0,0
"m618",0,0
"m619",0,0
"m620",0,0
"m621",0,0
"m622",0,0
"m623",0,0
"m624",0,0
"m625",0,0
"m626",0,0
"m627",0,0
"m628",0,0
"m629",0,0
"m630",0,0
"m631",0,0
"m632",0,0
"m633",0,0
"m634",0,0
"m635",0,0
"m636",0,0
"m637",0,0
"m638",0,0
"m639",0,0
"m640",0,0
"m641",0,0
"m642",0,0
"m643",0,0
"m644",0,0
"m645",0,0
"m646",0,0
"m647",0,0
"m648",0,0
"m649",0,0
"m650",0,0
"m651",0,0
"m652",0,0
"m653",0,0
"m654",0,0
"m655",0,0
"m656",0,0
"m657",0,0
"m658",0,0
"m659",0,0
"m660",0,0
"m661",0,0
"m662",0,0
"m663",0,0
"m664",0,0
"m665",0,0
"m666",0,0
"m667",0,0
"m668",0,0
"m669",0,0
"m670",0,0
"m671",0,0
"m672",0,0
"m673",0,0
"m674",0,0
"m675",0,0
"m676",0,0
"m677",0,0
"m678",0,0
"m679",0,1
"m680",0,0
"m681",0,0
"m682",0,0
"m683",0,0
"m684",0,0
"m685",0,0
"m686",0,0
"m687",0,0
"m688",0,0
"m689",0,0
"m690",0,0
"m691",0,0
"m692",0,0
"m693",0,0
"m694",0,0
"m695",0,0
"m696",0,0
"m697",0,0
"m698",0,0
"m699",0,0
"m700",0,0
"m701",0,0
"m702",0,0
"m703",0,0
"m704",0,0
"m705",0,0
"m706",0,0
"m707",0,0
"m708",0,0
"m709",0,0
"m710",0,0
"m711",0,0
"m712",0,0
"m713",0,0
"m714",0,0
"m715",0,0
"m716",0,0
"m717",0,0
"m718",0,0
"m719",0,0
"m720",0,0
"m721",0,0
"m722",0,0
"m723",0,0
"m724",0,0
"m725",0,0
"m726",0,0
"m727",0,0
"m728",0,0
"m729",0,0
"m730",0,0
"m731",0,0
"m732",0,0
"m733",0,0
"m734",0,0
"m735",0,0
"m736",0,0
"m737",0,0
"m738",0,0
"m739",0,0
"m740",0,0
"m741",0,0
"m742",0,0
"m743",0,0
"m744",0,0
"m745",0,0
"m746",0,0
"m747",0,0
"m748",0,0
"m749",0,0
"m750",0,0
"m751",0,0
"m752",0,0
"m753",0,0
"m754",0,0
"m755",0,0
"m756",0,0
"m757",0,0
"m758",0,0
"m759",0,0
"m760",0,0
"m761",0,0
"m762",0,0
"m763",0,0
"m764",0,0
"m765",0,0
"m766",0,0
"m767",0,0
"m768",0,0
"m769",0,0
"m770",0,0
"m771",0,0
"m772",0,0
"m773",0,0
"m774",0,0
"m775",0,0
"m776",0,0
"m777",0,0
"m778",0,0
"m779",0,0
"m780",0,0
"m781",0,0
"m782",0,0
"m783",0,0
"m784",0,0
"m785",0,0
"m786",0,0
"m787",0,0
"m788",0,0
"m789",0,0
"m790",0,0
"m791",0,0
"m792",0,0
"m793",0,0
"m794",0,0
"m795",0,0
"m796",0,0
"m797",0,0
"m798",0,0
"m799",0,0
"m800",0,0
"m801",0,0
"m802",0,0
"m803",0,0
"m804",0,0
"m805",0,0
"m806",0,0
"m807",0,0
"m808",0,0
"m809",0,0
"m810",0,0
"m811",0,0
"m812",0,0
"m813",0,0
"m814",0,0
"m815",0,0
"m816",0,0
"m817",0,0
"m818",1,0
"m819",0,0
"m820",0,0
"m821",0,0
"m822",0,0
"m823",0,0
"m824",0,0
"m825",0,0
"m826",0,0
"m827",0,0
"m828",0,0
"m829",0,0
"m830",0,0
"m831",0,0
"m832",0,0
"m833",0,0
"m834",0,0
"m835",0,0
"m836",0,0
"m837",0,0
"m838",0,0
"m839",0,0
"m840",0,1
"m841",0,0
"m842",0,0
"m843",0,0
"m844",0,0
"m845",0,0
"m846",0,0
"m847",0,0
"m848",0,0
"m849",0,0
"m850",0,0
"m851",0,0
"m852",0,0
"m853",0,0
"m854",0,0
"m855",0,0
"m856",0,0
"m857",0,0
"m858",0,0
"m859",0,0
"m860",0,0
"m861",0,0
"m862",0,0
"m863",0,0
"m864",0,0
"m865",0,0
"m866",0,0
"m867",0,0
"m868",0,0
"m869",0,0
"m870",0,0
"m871",0,0
"m872",0,0
"m873",0,0
"m874",0,0
"m875",0,0
"m876",0,0
"m877",0,0
"m878",0,0
"m879",0,0
"m880",0,0
"m881",0,0
"m882",0,0
"m883",0,0
"m884",0,0
"m885",0,1
"m886",0,0
"m887",0,0
"m888",0,0
"m889",0,0
"m890",0,0
"m891",0,0
"m892",0,0
"m893",0,0
"m894",0,0
"m895",0,0
"m896",0,0
"m897",0,0
"m898",0,0
"m899",0,0
"m900",0,0
"m901",0,0
"m902",0,0
"m903",0,0
"m904",0,0
"m905",0,0
"m906",0,0
"m907",0,0
"m908",0,0
"m909",0,0
"m910",0,0
"m911",0,0
"m912",0,0
"m913",0,0
"m914",0,0
"m915",0,0
"m916",0,0
"m917",0,0
"m918",0,0
"m919",0,0
"m920",0,0
"m921",0,0
"m922",0,0
"m923",0,0
"m924",0,0
"m925",0,0
"m926",0,0
"m927",0,0
"m928",0,0
"m929",0,0
"m930",0,0
"m931",0,0
"m932",0,0
"m933",0,0
"m934",0,0
"m935",0,0
"m936",0,0
"m937",0,0
"m938",1,0
"m939",0,0
"m940",0,0
"m941",0,0
"m942",0,0
"m943",0,0
"m944",0,0
"m945",0,0
"m946",0,0
"m947",0,0
"m948",0,0
"m949",0,0
"m950",0,0
"m951",0,0
"m952",0,0
"m953",0,0
"m954",0,0
"m955",0,0
"m956",0,0
"m957",0,0
"m958",0,0
"m959",0,0
"m960",0,0
"m961",0,0
"m962",0,0
"m963",0,0
"m964",0,0
